User ID	Retweets	Favorites	Has_url	Polarity	Popularity	numMentions	Labels	follower_ids	follower_count	Followers In Cluster	Followers In df	Ratio
2421921523	12792	13	105	79.9597	12805	467	0	[2168776091, 3234318278, 2460554876, 4760685080, 719651928075059200, 702724379289882627, 3620204002, 722720972852211713, 1345580348, 3997939395, 702337479249141760, 246160575, 721256388446576641, 3903217291, 23617671, 720960063213580288, 3346986731, 275276082, 4329476897, 2369732305, 718577714983075840, 705674678480695297, 4886191420, 4386946815, 2272138994, 522682691, 2855694848, 837954758, 2872027562, 1173450415, 719120214684790785, 586134962, 64721998, 3310218359, 4102001608, 60014473, 114860533, 201109966, 1659724682, 3808803497, 2888132107, 16703058, 2567904974, 712467443160059904, 16428093, 3745990517, 1113007782, 4274295213, 2799751139, 695370267850199042, 1439547560, 795561996, 3398973094, 569005559, 2657503942, 3824286316, 4097888173, 2961906996, 3939396622, 702655782475702274, 4915563525, 702171022678560768, 3223130809, 3111278345, 4872286983, 4873532445, 4853587748, 340970752, 694879710539595776, 4874070454, 4853661674, 4853532074, 4874016880, 4873651594, 4853432832, 4853753875, 4873539129, 4877092881, 4880735108, 934544498, 3297324506, 1443411380, 4449537796, 4730373476, 4828937494, 312074367, 2571507732, 3216913377, 4831259062, 3391008628, 4015682026, 4713212953, 266152718, 4749608450, 3320822623, 2386059667, 4731339614, 2693988803, 225996561, 4582202473, ...]	1852	[837954758, 2872027562, 16428093, 19574238, 258083321, 48820814, 116512570, 2858749471, 2822277833, 2631570888, 2748049892, 156285331, 2248885669, 2799212576, 106558293, 2747746256, 2789451130, 2871977708, 1499808391, 359530857, 584180446, 14371442, 2794782427, 210308712, 2786216155, 16710197, 2174759425, 117292850, 2750302040, 2821042888, 27893275, 1686315325, 521495786, 1632150450, 191354433, 2837371897, 2849321642, 1563044023, 616635926, 468841864, 2181045176, 532727261, 24807171, 189181251, 1591741910, 1129243544, 2822712590, 944804173, 17396756, 521624522, 1959421836, 2834647215, 108462428, 2330987621, 2678804532, 2798476748, 2310429786, 183993932, 2798609018, 2834903284, 20589568, 2518850268, 219201228, 2803395222, 2401110481, 41463556, 182047979, 329297201, 2344766779, 612246197, 2579483762, 10856422, 66953593, 2794683217, 386520098, 1020257318, 983246322, 1254092694, 2838256043, 91042156, 46446488, 2583292039, 2229667098, 24206059, 2179190077, 749129797, 2588321996, 2796463003, 325246257, 2809588068, 2203871689, 1431436446, 2858267029, 17956471, 1952528058, 2823616933, 2409242372, 321830056, 162572003, 396956788, ...]	[1345580348, 837954758, 2872027562, 16428093, 19574238, 258083321, 553504113, 48820814, 116512570, 2858749471, 2822277833, 1623471690, 2631570888, 2748049892, 156285331, 39218092, 2248885669, 2799212576, 106558293, 2747746256, 2789451130, 2871977708, 1499808391, 359530857, 584180446, 14371442, 2794782427, 210308712, 2786216155, 16710197, 2174759425, 117292850, 2750302040, 2821042888, 27893275, 1686315325, 2349701702, 521495786, 1632150450, 191354433, 2837371897, 2849321642, 143388925, 1563044023, 616635926, 468841864, 2181045176, 532727261, 24807171, 189181251, 1591741910, 1129243544, 2822712590, 120186182, 944804173, 17396756, 37745356, 521624522, 1959421836, 2834647215, 11353012, 108462428, 2330987621, 2835958435, 2603925482, 10720422, 2678804532, 2798476748, 247142874, 2310429786, 607624939, 183993932, 2798609018, 1129349773, 2834903284, 20589568, 2518850268, 219201228, 2803395222, 2401110481, 41463556, 182047979, 329297201, 2344766779, 612246197, 2579483762, 10856422, 66953593, 2794683217, 386520098, 1020257318, 983246322, 1254092694, 2838256043, 91042156, 46446488, 2583292039, 310774109, 2229667098, 2834878073, ...]	0.912532637076
1038152798	11831	10	72	76.6831	11841	345	0	[19574238, 3075846103, 2954999301, 2372880199, 704260007, 2714618694, 15477254, 2897016000, 2886817729, 2906690044, 34165918, 2539029462, 2914434283, 2788274419, 2485670676, 1251453475, 460697784, 2831606139, 2873135374, 2844707753, 70082375, 470880589, 1006435687, 2870105645, 2835141579, 144075137, 2276637241, 2889082980, 1348112202, 284044012, 169067158, 44494953, 2775504008, 1927441783, 2775396834, 236999820, 113983688, 21536352, 2898262704, 2819247256, 2839314753, 25927878, 251679884, 60054555, 2541758438, 2783985870, 14727238, 2875003187, 1852732298, 109380627, 23579683, 2813904001, 147030458, 2344267592, 2871728956, 2817820231, 950142270, 197421420, 2847552447, 1356030014, 2411867900, 780426085, 2815306126, 2774031603, 1542649094, 22164508, 2437486722, 22166232, 1516850792, 2793797630, 2765738045, 2838049186, 2850707357, 190249654, 2784863960, 1683985212, 1858786956, 992477000, 2772264097, 1335585896, 2834903284, 2374226594, 469189091, 92769076, 2311435027, 2797610641, 176874550, 1105998918, 2283567114, 2787254808, 2375850864, 2861919674, 312725895, 15595780, 2585165988, 14304302, 2800681614, 253007595, 23979944, 2777083032, ...]	118	[19574238, 2788274419, 2485670676, 460697784, 2831606139, 470880589, 1006435687, 2835141579, 144075137, 2276637241, 284044012, 169067158, 44494953, 2775504008, 1927441783, 236999820, 21536352, 2819247256, 2839314753, 25927878, 60054555, 2541758438, 2783985870, 14727238, 1852732298, 2813904001, 2817820231, 1356030014, 2411867900, 2815306126, 1542649094, 22164508, 2437486722, 22166232, 1516850792, 2793797630, 2765738045, 2838049186, 190249654, 2784863960, 1683985212, 1858786956, 992477000, 2772264097, 1335585896, 2834903284, 2374226594, 469189091, 92769076, 2311435027, 2797610641, 176874550, 1105998918, 2283567114, 2787254808, 2375850864, 312725895, 15595780, 2585165988, 14304302, 2800681614, 2777083032, 530964531, 2788757714, 2814199862, 472265508, 2782269553, 2783761682, 2793187538, 448845116, 2815279566, 2801270976, 1012398272, 369869543]	[19574238, 2788274419, 2485670676, 460697784, 2831606139, 470880589, 1006435687, 2835141579, 144075137, 2276637241, 284044012, 169067158, 44494953, 2775504008, 1927441783, 236999820, 21536352, 2819247256, 2839314753, 25927878, 251679884, 60054555, 2541758438, 2783985870, 14727238, 1852732298, 2813904001, 2817820231, 197421420, 1356030014, 2411867900, 2815306126, 1542649094, 22164508, 2437486722, 22166232, 1516850792, 2793797630, 2765738045, 2838049186, 190249654, 2784863960, 1683985212, 1858786956, 992477000, 2772264097, 1335585896, 2834903284, 2374226594, 469189091, 92769076, 2311435027, 2797610641, 176874550, 1105998918, 2283567114, 2787254808, 2375850864, 312725895, 15595780, 2585165988, 14304302, 2800681614, 2777083032, 2795906819, 530964531, 2788757714, 2814199862, 472265508, 2782269553, 2783761682, 2793187538, 448845116, 2815279566, 2801270976, 1012398272, 369869543]	0.961038961039
2791121294	9756	224	228	192.2192	9980	1033	0	[2783504149, 869025762, 4297440013, 2546562188, 431071870, 174316096, 718466041446277120, 4437444442, 3782984354, 203143661, 720036695643525120, 606412878, 705455825028907008, 1680121153, 711728047137935365, 707198760045010946, 2522585809, 2870650162, 4182936015, 619418717, 415773425, 718081623451951105, 702994617545986049, 327672977, 718246085190414337, 43287329, 722646586510151680, 4886191420, 722588262326374401, 111225697, 347627434, 29023872, 404470529, 702780246026752000, 3891703408, 4386946815, 558369903, 364170889, 1455286956, 10255692, 369172994, 61149653, 14613185, 3104545022, 714938103824310273, 714932191168479234, 3581776997, 713880240678772736, 709897775362605056, 713408458473639936, 3656092409, 705442898188210177, 53010355, 2393063119, 4879819876, 711717378350911489, 721917069986557952, 143123814, 1950799526, 714920195400269826, 237888723, 705645123606966272, 2761898817, 4667313217, 715783841382838273, 56449803, 712391107439665152, 3271255423, 3590632753, 2426179058, 4543254914, 3367987133, 721996071979892736, 4379399718, 4005012459, 4893125805, 721364629927145473, 700430991723204608, 4729317440, 3224850985, 326665662, 1563916915, 719211087716073473, 720341260993560576, 1620539378, 98282153, 2233353242, 4852459831, 3745023675, 717160724787646465, 4414699213, 715436933350969344, 718949896863289346, 709466255393042432, 705610669110890496, 710640952096923648, 2749858280, 3279902600, 3886015993, 4485045432, ...]	3014	[2292797061, 2799212576, 37398598, 2340282432, 2793066487, 1898295032, 545675702, 305430740, 2872027562, 2799229797, 2838143051, 153215361, 1028026110, 2835475103, 1876680134, 2818207203, 39376520, 1927441783, 1952446188, 2840845885, 413867460, 2373401372, 19574238, 1385975335, 2279553571, 432748599, 117292850, 2771235643, 14654908, 96383546, 2837876374, 2248885669, 862312976, 2786395269, 80800433, 2826306403, 2596827180, 2775737786, 122465006, 226828325, 850829419, 2692233198, 367323969, 2831436002, 2790691692, 637241000, 300489029, 93949976, 2817820231, 1495123794, 294236607, 241731647, 210308712, 2867978738, 2838668197, 44494953, 16335102, 73966317, 2826800366, 2588663610, 610385634, 19880868, 42082673, 244214157, 88513353, 2789451130, 2563030626, 48820814, 78686573, 1516445281, 23050300, 2761553580, 1387190622, 18746944, 2741527478, 389416399, 41687358, 2834647215, 2823844460, 2826870480, 2809588068, 1544380099, 32508431, 1535339618, 847945159, 2854884026, 1356030014, 1093050703, 174730252, 126524687, 2795766408, 1542293558, 155971820, 2793807454, 253036168, 838629829, 2430476576, 120279200, 2787720983, 599150480, ...]	[586617002, 2292797061, 2799212576, 24610050, 2828013990, 143388925, 37398598, 2340282432, 2793066487, 1898295032, 41866281, 545675702, 2209980606, 305430740, 2872027562, 2799229797, 2838143051, 153215361, 1028026110, 2835475103, 344272418, 24465244, 1083796542, 14940725, 1876680134, 2818207203, 39376520, 1927441783, 1952446188, 2840845885, 413867460, 2373401372, 19574238, 1385975335, 2279553571, 432748599, 117292850, 2603925482, 2771235643, 809743100, 14654908, 96383546, 2837876374, 2248885669, 862312976, 2786395269, 18100365, 80800433, 2826306403, 2596827180, 2775737786, 122465006, 226828325, 1909378328, 850829419, 2692233198, 367323969, 2831436002, 2790691692, 637241000, 300489029, 93949976, 2817820231, 1495123794, 294236607, 241731647, 210308712, 2867978738, 2838668197, 44494953, 16335102, 2525538594, 73966317, 2826800366, 1722795805, 2588663610, 610385634, 19880868, 42082673, 244214157, 293531540, 88513353, 2789451130, 2705501070, 2563030626, 48820814, 2824369716, 78686573, 1516445281, 23050300, 2761553580, 1387190622, 18746944, 2741527478, 389416399, 41687358, 2834647215, 2823844460, 30829875, 2826870480, ...]	0.901699029126
2421921523	6533	2	28	18.8294	6535	161	102	[2168776091, 3234318278, 2460554876, 4760685080, 719651928075059200, 702724379289882627, 3620204002, 722720972852211713, 1345580348, 3997939395, 702337479249141760, 246160575, 721256388446576641, 3903217291, 23617671, 720960063213580288, 3346986731, 275276082, 4329476897, 2369732305, 718577714983075840, 705674678480695297, 4886191420, 4386946815, 2272138994, 522682691, 2855694848, 837954758, 2872027562, 1173450415, 719120214684790785, 586134962, 64721998, 3310218359, 4102001608, 60014473, 114860533, 201109966, 1659724682, 3808803497, 2888132107, 16703058, 2567904974, 712467443160059904, 16428093, 3745990517, 1113007782, 4274295213, 2799751139, 695370267850199042, 1439547560, 795561996, 3398973094, 569005559, 2657503942, 3824286316, 4097888173, 2961906996, 3939396622, 702655782475702274, 4915563525, 702171022678560768, 3223130809, 3111278345, 4872286983, 4873532445, 4853587748, 340970752, 694879710539595776, 4874070454, 4853661674, 4853532074, 4874016880, 4873651594, 4853432832, 4853753875, 4873539129, 4877092881, 4880735108, 934544498, 3297324506, 1443411380, 4449537796, 4730373476, 4828937494, 312074367, 2571507732, 3216913377, 4831259062, 3391008628, 4015682026, 4713212953, 266152718, 4749608450, 3320822623, 2386059667, 4731339614, 2693988803, 225996561, 4582202473, ...]	1852	[837954758, 2872027562, 16428093, 258083321, 48820814, 116512570, 2858749471, 2822277833, 156285331, 2799212576, 106558293, 2747746256, 2789451130, 1499808391, 359530857, 584180446, 2794782427, 210308712, 16710197, 2174759425, 2750302040, 2821042888, 27893275, 1686315325, 521495786, 191354433, 2837371897, 1563044023, 616635926, 468841864, 2181045176, 532727261, 24807171, 189181251, 1591741910, 2822712590, 120186182, 944804173, 17396756, 521624522, 1959421836, 2834647215, 108462428, 2330987621, 2603925482, 10720422, 2678804532, 2310429786, 607624939, 183993932, 2798609018, 2834903284, 20589568, 219201228, 2803395222, 2401110481, 41463556, 329297201, 10856422, 66953593, 2794683217, 386520098, 983246322, 1254092694, 2838256043, 91042156, 46446488, 2583292039, 310774109, 2229667098, 2834878073, 24206059, 2179190077, 749129797, 2588321996, 325246257, 2809588068, 1431436446, 2858267029, 17956471, 1952528058, 2823616933, 321830056, 162572003, 599150480, 493726972, 297228027, 2839444696, 2832271336, 2819948867, 2836785657, 710464321, 2798765632, 2837642577, 132672132, 203466008, 2752790288, 2315874928, 2837366796, 243739078, ...]	[1345580348, 837954758, 2872027562, 16428093, 19574238, 258083321, 553504113, 48820814, 116512570, 2858749471, 2822277833, 1623471690, 2631570888, 2748049892, 156285331, 39218092, 2248885669, 2799212576, 106558293, 2747746256, 2789451130, 2871977708, 1499808391, 359530857, 584180446, 14371442, 2794782427, 210308712, 2786216155, 16710197, 2174759425, 117292850, 2750302040, 2821042888, 27893275, 1686315325, 2349701702, 521495786, 1632150450, 191354433, 2837371897, 2849321642, 143388925, 1563044023, 616635926, 468841864, 2181045176, 532727261, 24807171, 189181251, 1591741910, 1129243544, 2822712590, 120186182, 944804173, 17396756, 37745356, 521624522, 1959421836, 2834647215, 11353012, 108462428, 2330987621, 2835958435, 2603925482, 10720422, 2678804532, 2798476748, 247142874, 2310429786, 607624939, 183993932, 2798609018, 1129349773, 2834903284, 20589568, 2518850268, 219201228, 2803395222, 2401110481, 41463556, 182047979, 329297201, 2344766779, 612246197, 2579483762, 10856422, 66953593, 2794683217, 386520098, 1020257318, 983246322, 1254092694, 2838256043, 91042156, 46446488, 2583292039, 310774109, 2229667098, 2834878073, ...]	0.720626631854
2376881202	5943	0	13	5.9037	5943	79	56	[1345580348, 3490688292, 723398056134070272, 3347554983, 1552027969, 3289060776, 3302560497, 1584197114, 2823844460, 230212994, 4120217739, 70466918, 3831179956, 34083622, 1473297300, 38521391, 702554524599324672, 476786738, 4448054233, 4674088662, 4922407313, 499923131, 79218153, 706572988477472771, 3633049816, 705997919619420161, 2907853278, 19502129, 705536107014967302, 3789368357, 288964050, 505775222, 1654382366, 465606946, 2937574099, 2958167482, 2241410978, 544001732, 2586548791, 3288418265, 3352612113, 1056718994, 64131711, 2834289033, 3009871927, 2634651641, 2835837491, 3313885500, 1237351394, 2717353332, 478692205, 4581780497, 2601033696, 997735476, 539722403, 3963855317, 47539455, 4065240465, 369869543, 854203626, 2937962502, 721779776, 258083321, 904587308, 2832342387, 3288671746, 259808059, 2916604288, 1491377990, 3340474558, 120181792, 469189091, 5042921, 51985736, 3258334463, 1748080555, 3063615107, 1950799526, 312963136, 1531368576, 3615621137, 3188853513, 3066206409, 4003744886, 3982375655, 3798538992, 3053817914, 1225820196, 3021936880, 3631008079, 112614146, 3382121055, 2309391817, 2892762749, 2847880679, 2951963678, 490535839, 3303409395, 3298545007, 1318848637, ...]	579	[2823844460, 70466918, 38521391, 465606946, 2241410978, 544001732, 47539455, 369869543, 854203626, 258083321, 112614146, 146608835, 210308712, 2232448621, 2831436002, 24206059, 176874550, 1608160694, 2801614976, 2757067388, 1591741910, 2787720983, 89765059, 2229667098, 2814885768, 1686315325, 159034813, 1695839551, 2773248261, 183993932, 56230246, 132672132, 2829039293, 2830719973, 2355244596, 66953593, 2796746389, 2818100251, 2312424494, 542107753, 2798765632, 138944368, 601425440, 339566435, 1656516662, 2243116344, 2833599255, 2846551735, 2651464544, 14987233, 362100909, 408868646, 530964531, 15917800, 2830488368, 316636799, 22164508, 551200721, 2834878073, 189181251, 2242547935, 14667729, 2810864653, 2786875513, 2402890705, 2807677458, 2785255490, 93363347, 274109576, 2793176232, 531717627, 2833561388, 2647192213, 455444298, 2822560650, 1656326443, 566492902, 17956471, 18027864, 866626268, 574962273, 414141288, 2819247256, 2561555594, 2677773841, 117133589, 269131395, 2805673956, 39652554, 2782761216, 2837642577, 30486932, 41463556, 2802662834, 562938526, 2812745721, 2793104246, 2276637241, 803059159, 2588663610, ...]	[1345580348, 2823844460, 70466918, 34083622, 38521391, 465606946, 2241410978, 544001732, 2586548791, 1237351394, 47539455, 369869543, 854203626, 258083321, 904587308, 469189091, 312963136, 112614146, 554400244, 146608835, 210308712, 2232448621, 2831436002, 2817936454, 24206059, 176874550, 1608160694, 2801614976, 547946638, 2757067388, 1591741910, 2794805484, 2787720983, 89765059, 2229667098, 129056508, 2814885768, 1686315325, 159034813, 1695839551, 2773248261, 183993932, 56230246, 132672132, 1944230208, 2829039293, 2830719973, 2355244596, 66953593, 557265175, 2796746389, 1889098668, 2818100251, 2517116778, 2312424494, 542107753, 2607290564, 247142874, 2798765632, 138944368, 2786407828, 601425440, 339566435, 223304261, 2652997692, 1656516662, 2243116344, 2833599255, 2846551735, 969121308, 2651464544, 2856460387, 14987233, 362100909, 408868646, 2811157786, 530964531, 15917800, 2830488368, 1475118602, 447425165, 2791529257, 316636799, 202019047, 22164508, 551200721, 2834878073, 189181251, 2242547935, 2332314889, 14667729, 1007810736, 220842543, 2810864653, 2786875513, 2402890705, 2807677458, 2772694988, 2785255490, 93363347, ...]	0.74358974359
2791121294	5096	4	23	25.4051	5100	190	134	[2783504149, 869025762, 4297440013, 2546562188, 431071870, 174316096, 718466041446277120, 4437444442, 3782984354, 203143661, 720036695643525120, 606412878, 705455825028907008, 1680121153, 711728047137935365, 707198760045010946, 2522585809, 2870650162, 4182936015, 619418717, 415773425, 718081623451951105, 702994617545986049, 327672977, 718246085190414337, 43287329, 722646586510151680, 4886191420, 722588262326374401, 111225697, 347627434, 29023872, 404470529, 702780246026752000, 3891703408, 4386946815, 558369903, 364170889, 1455286956, 10255692, 369172994, 61149653, 14613185, 3104545022, 714938103824310273, 714932191168479234, 3581776997, 713880240678772736, 709897775362605056, 713408458473639936, 3656092409, 705442898188210177, 53010355, 2393063119, 4879819876, 711717378350911489, 721917069986557952, 143123814, 1950799526, 714920195400269826, 237888723, 705645123606966272, 2761898817, 4667313217, 715783841382838273, 56449803, 712391107439665152, 3271255423, 3590632753, 2426179058, 4543254914, 3367987133, 721996071979892736, 4379399718, 4005012459, 4893125805, 721364629927145473, 700430991723204608, 4729317440, 3224850985, 326665662, 1563916915, 719211087716073473, 720341260993560576, 1620539378, 98282153, 2233353242, 4852459831, 3745023675, 717160724787646465, 4414699213, 715436933350969344, 718949896863289346, 709466255393042432, 705610669110890496, 710640952096923648, 2749858280, 3279902600, 3886015993, 4485045432, ...]	3014	[586617002, 2292797061, 2799212576, 2340282432, 2793066487, 41866281, 2872027562, 153215361, 1028026110, 2835475103, 1876680134, 2818207203, 39376520, 1927441783, 1952446188, 2840845885, 1385975335, 432748599, 2603925482, 14654908, 2837876374, 862312976, 2786395269, 2826306403, 226828325, 850829419, 2692233198, 367323969, 2831436002, 2790691692, 637241000, 300489029, 93949976, 2817820231, 1495123794, 294236607, 241731647, 210308712, 2867978738, 2838668197, 44494953, 16335102, 73966317, 2826800366, 2588663610, 610385634, 19880868, 42082673, 293531540, 2789451130, 2705501070, 2563030626, 48820814, 2824369716, 1516445281, 23050300, 2761553580, 18746944, 2741527478, 41687358, 2834647215, 2823844460, 30829875, 2809588068, 1535339618, 2854884026, 1356030014, 1093050703, 174730252, 2836785657, 126524687, 2795766408, 155971820, 2793807454, 838629829, 2430476576, 120279200, 2787720983, 599150480, 10720422, 2561553032, 2244398629, 65016988, 2822712590, 2868909840, 489949379, 1952528058, 2834878073, 43635770, 2837966127, 2852872244, 589463431, 21740553, 2803395222, 2834440515, 395264515, 384647191, 2307021294, 472516307, 2809880061, ...]	[586617002, 2292797061, 2799212576, 24610050, 2828013990, 143388925, 37398598, 2340282432, 2793066487, 1898295032, 41866281, 545675702, 2209980606, 305430740, 2872027562, 2799229797, 2838143051, 153215361, 1028026110, 2835475103, 344272418, 24465244, 1083796542, 14940725, 1876680134, 2818207203, 39376520, 1927441783, 1952446188, 2840845885, 413867460, 2373401372, 19574238, 1385975335, 2279553571, 432748599, 117292850, 2603925482, 2771235643, 809743100, 14654908, 96383546, 2837876374, 2248885669, 862312976, 2786395269, 18100365, 80800433, 2826306403, 2596827180, 2775737786, 122465006, 226828325, 1909378328, 850829419, 2692233198, 367323969, 2831436002, 2790691692, 637241000, 300489029, 93949976, 2817820231, 1495123794, 294236607, 241731647, 210308712, 2867978738, 2838668197, 44494953, 16335102, 2525538594, 73966317, 2826800366, 1722795805, 2588663610, 610385634, 19880868, 42082673, 244214157, 293531540, 88513353, 2789451130, 2705501070, 2563030626, 48820814, 2824369716, 78686573, 1516445281, 23050300, 2761553580, 1387190622, 18746944, 2741527478, 389416399, 41687358, 2834647215, 2823844460, 30829875, 2826870480, ...]	0.707524271845
2377815434	2625	2122	2	0.115	4747	0	4	[2469291002, 1558535040, 2372130284, 724794143378022400, 4662933002, 2953604501, 720638624446816256, 3795037934, 35393475, 66202108, 571334433, 113346169, 800983646, 3606994280, 2343037220, 1687325173, 29111090, 96763960, 1922075562, 3746988372, 844373521, 722848030655778816, 150851676, 314880492, 20055633, 4540516094, 3288926208, 526899665, 175222030, 33793363, 418314139, 3156895886, 3402854363, 714860662879621120, 806738366, 13785542, 307753191, 336363450, 271165038, 561508994, 707109741525250048, 989689700, 59349071, 394240073, 710276472, 96185504, 14683127, 417269681, 86331519, 1316958954, 607187695, 710766451918028800, 903930692, 315423340, 2347481757, 1542275000, 14531199, 2804041975, 38730644, 61673727, 2187278684, 803642515, 14093212, 3033236905, 248391993, 37821033, 226388925, 2324811224, 48928822, 447368351, 285741243, 66484657, 2638695825, 3601106652, 38293795, 320068512, 1340079860, 588884934, 16335744, 366585571, 398472173, 116323014, 172116970, 139134389, 43568440, 357079808, 26424369, 537543100, 35375127, 240506127, 40410324, 10988862, 542991689, 84534730, 2875819434, 95408462, 724749642705960960, 3300583213, 3770317693, 116798489, ...]	216534	[2167150244, 20109557, 15821928, 374251315, 19004939, 55866248, 2311435027, 41839503, 72953972, 625960996, 18743921, 477447961, 22385537, 1970791, 237904069, 1459955407, 16740511, 837008262, 323485397, 160344049, 499428540, 2607318854, 169524645, 51369135, 22168487, 102696382, 361039408, 2807278757, 290823033, 1401722197, 224310598, 323161737, 268705284, 236111216, 2411433529, 48902826, 2781738769, 273025265, 499060178, 534760226, 614687446, 578278321, 28604441, 6688272, 14721764, 140542416, 575753814, 351203594, 22186231, 1427171, 6974162, 16744590, 54801043, 62339632, 15086911, 1118291893, 397753262, 574829891, 433105394, 154598994, 52240754, 47272100, 54042608, 14352711, 155002143, 82159840, 277726016, 630300659, 14658971, 705860426, 17615430, 7076492, 2274061, 1369825344, 302915818, 66596124, 14709141, 14638983, 22565029, 245819356, 102777732, 277341967, 21563704, 16878507, 43412697, 14053568, 24609812, 21703880, 444485975, 17561108, 18963779, 238277068, 603054676, 17070120, 45464361, 2782914858, 933526123, 13440952, 1775861, 2782981740, ...]	[13785542, 14093212, 16335744, 166435824, 398425589, 32305375, 175179993, 2167150244, 1454959946, 20109557, 436421756, 15821928, 26788490, 162233830, 374251315, 282677367, 227162449, 301020663, 20703666, 1700761830, 948492542, 19004939, 47712082, 55866248, 36116293, 14335332, 25613591, 16492003, 330365987, 181275886, 2311435027, 536499989, 24137739, 222833342, 43199258, 41839503, 72953972, 625960996, 17889126, 250836563, 17795080, 1053963108, 1343169625, 41849827, 35659391, 13307352, 18743921, 40059553, 51291319, 315015207, 470750781, 477447961, 208422641, 2175345840, 114605798, 22385537, 1970791, 137611900, 174155895, 2784651980, 237904069, 96506304, 386830133, 30985554, 16960279, 19724884, 19083109, 1459955407, 17822855, 8432682, 17299989, 360264947, 360945163, 14217242, 44204171, 15663023, 16740511, 223724915, 837008262, 427687843, 18225568, 76056806, 62208940, 221931026, 539197947, 165862687, 2219976272, 137166951, 323485397, 36955655, 160344049, 499428540, 17612154, 17110927, 2607318854, 2841886099, 517338296, 21838220, 17553095, 449226485, ...]	0.419379844961
2747504632	3873	0	8	2.9347	3873	24	34	[720148470351405056, 2934659937, 720080503391526912, 718077144778321920, 273273208, 133828438, 4499607941, 719996095305281537, 721522336822730752, 720177004419518465, 711845539726430209, 719290956747579392, 718539629096517632, 720040457137299460, 714660804037988352, 70295497, 291588441, 2654141456, 2595339703, 3486395177, 717211639687282688, 387790414, 4918943330, 4412241734, 3384276809, 3359851, 4062005021, 421780184, 322189517, 287789223, 2424552324, 1447023979, 710925918680834049, 4520408472, 710526588069220352, 59830916, 4386946815, 702328516575154176, 144588140, 709233655768551432, 569005559, 4290276441, 3279269082, 702164136243896320, 3220231513, 701524346704150528, 701497573211770881, 437664641, 795626, 3349762552, 2578043944, 2258258377, 4862030000, 266152718, 3021856465, 4853692207, 4846774042, 4618541728, 4766483870, 532657890, 4708226055, 4695549720, 4656646487, 4646259497, 3161760900, 3557841074, 4601164156, 1531368576, 4506087455, 3333215027, 4495006942, 4515531827, 2269005950, 4439166736, 435260935, 256206338, 4342854076, 2995039949, 2571872893, 4086935715, 3022211730, 1454488878, 4120815389, 374227012, 4085500455, 3024656020, 4060998837, 259808059, 248478594, 4087004352, 3165901472, 3987857361, 712804896, 3610696753, 3229292575, 2195186954, 3677207835, 459921127, 1665737941, 1405320913, ...]	1601	[256206338, 374227012, 20944649, 2777843108, 2795906819, 160344049, 106558293, 2789451130, 2817820231, 414141288, 307584252, 345497264, 2798609018, 83765450, 2833599255, 162932753, 707067744, 585764076, 83766345, 2811434719, 2839444696, 1676715715, 2814040284, 2823808641, 705633312, 270152253, 2814885768, 2846551735, 243739078, 108462428, 2202301848, 2764172964, 65974890, 2812908133, 26385735, 251045973, 2793176232, 1318542156, 2393066191, 1335929934, 22164508, 2833561388, 189181251, 2786875513, 574962273, 1666142936, 17952975, 14987233, 16710197, 2817767214, 280527457, 444716100, 238093393, 2871165186, 350669325, 2571342366, 2861501732, 362100909, 41687358, 25062440, 2772384200, 2813904001, 2244398629, 213271196, 2751267097, 453427796, 21138801, 1385975335, 2541766878, 1967542567, 2790090018, 749129797, 17832709, 2752897908, 294236607, 1671029934, 1712939281, 2511523502, 457442648, 18027864, 339566435, 2831606139, 2740960104, 21371939, 2793171236, 2858471270, 2801890131, 2756873076, 2774340015, 47622504, 1460549084, 2810611336, 786966108, 2532362760, 494257164, 2828072102, 2830047422, 358863151, 2782040341, 70466918, ...]	[70295497, 256206338, 374227012, 248478594, 20944649, 2777843108, 2511511747, 69460261, 34083622, 2795906819, 160344049, 869511486, 106558293, 2359028480, 2789451130, 85119301, 2817820231, 2811544967, 414141288, 307584252, 345497264, 2798609018, 2346538323, 83765450, 2833599255, 162932753, 620380090, 707067744, 585764076, 2824084715, 54362299, 983246322, 1889098668, 26319990, 120492520, 83766345, 2842489483, 2811434719, 1155952808, 2839444696, 1676715715, 2814040284, 2652997692, 2823808641, 2802432518, 705633312, 270152253, 393756935, 2826414247, 2814885768, 2846551735, 862312976, 243739078, 108462428, 2202301848, 2764172964, 65974890, 2812908133, 26385735, 251045973, 2793176232, 2830488368, 2607290564, 1318542156, 2393066191, 1335929934, 22164508, 2833561388, 189181251, 2786875513, 574962273, 49234326, 1666142936, 2822560650, 17952975, 14987233, 16710197, 2817767214, 1829249059, 2579483762, 1532251334, 280527457, 444716100, 238093393, 2871165186, 350669325, 2571342366, 2861501732, 362100909, 41687358, 519318699, 469149195, 25062440, 2772384200, 2813904001, 83893247, 2244398629, 1403851, 213271196, 2751267097, ...]	0.669957686883
2421921523	3566	5	23	19.167	3571	83	120	[2168776091, 3234318278, 2460554876, 4760685080, 719651928075059200, 702724379289882627, 3620204002, 722720972852211713, 1345580348, 3997939395, 702337479249141760, 246160575, 721256388446576641, 3903217291, 23617671, 720960063213580288, 3346986731, 275276082, 4329476897, 2369732305, 718577714983075840, 705674678480695297, 4886191420, 4386946815, 2272138994, 522682691, 2855694848, 837954758, 2872027562, 1173450415, 719120214684790785, 586134962, 64721998, 3310218359, 4102001608, 60014473, 114860533, 201109966, 1659724682, 3808803497, 2888132107, 16703058, 2567904974, 712467443160059904, 16428093, 3745990517, 1113007782, 4274295213, 2799751139, 695370267850199042, 1439547560, 795561996, 3398973094, 569005559, 2657503942, 3824286316, 4097888173, 2961906996, 3939396622, 702655782475702274, 4915563525, 702171022678560768, 3223130809, 3111278345, 4872286983, 4873532445, 4853587748, 340970752, 694879710539595776, 4874070454, 4853661674, 4853532074, 4874016880, 4873651594, 4853432832, 4853753875, 4873539129, 4877092881, 4880735108, 934544498, 3297324506, 1443411380, 4449537796, 4730373476, 4828937494, 312074367, 2571507732, 3216913377, 4831259062, 3391008628, 4015682026, 4713212953, 266152718, 4749608450, 3320822623, 2386059667, 4731339614, 2693988803, 225996561, 4582202473, ...]	1852	[19574238, 258083321, 48820814, 116512570, 2858749471, 156285331, 2799212576, 106558293, 2747746256, 2789451130, 2871977708, 1499808391, 359530857, 584180446, 2794782427, 2786216155, 16710197, 2174759425, 117292850, 2750302040, 2821042888, 1686315325, 521495786, 191354433, 2837371897, 1563044023, 616635926, 468841864, 2181045176, 532727261, 24807171, 189181251, 1129243544, 2822712590, 944804173, 521624522, 2834647215, 108462428, 2330987621, 2835958435, 2678804532, 247142874, 2310429786, 183993932, 2798609018, 2834903284, 20589568, 219201228, 2803395222, 2401110481, 10856422, 66953593, 386520098, 1020257318, 1254092694, 2838256043, 91042156, 46446488, 2583292039, 310774109, 2229667098, 24206059, 749129797, 2588321996, 2796463003, 325246257, 2809588068, 2858267029, 17956471, 1952528058, 321830056, 162572003, 1542293558, 1722795805, 599150480, 493726972, 2838143051, 297228027, 945389864, 884252689, 2839444696, 2832271336, 2819948867, 710464321, 41455567, 2837642577, 132672132, 203466008, 2752790288, 2315874928, 2837366796, 243739078, 2846551735, 2167729699, 2766809723, 16335102, 47405998, 2765738045, 2788274419, 230304139, ...]	[1345580348, 837954758, 2872027562, 16428093, 19574238, 258083321, 553504113, 48820814, 116512570, 2858749471, 2822277833, 1623471690, 2631570888, 2748049892, 156285331, 39218092, 2248885669, 2799212576, 106558293, 2747746256, 2789451130, 2871977708, 1499808391, 359530857, 584180446, 14371442, 2794782427, 210308712, 2786216155, 16710197, 2174759425, 117292850, 2750302040, 2821042888, 27893275, 1686315325, 2349701702, 521495786, 1632150450, 191354433, 2837371897, 2849321642, 143388925, 1563044023, 616635926, 468841864, 2181045176, 532727261, 24807171, 189181251, 1591741910, 1129243544, 2822712590, 120186182, 944804173, 17396756, 37745356, 521624522, 1959421836, 2834647215, 11353012, 108462428, 2330987621, 2835958435, 2603925482, 10720422, 2678804532, 2798476748, 247142874, 2310429786, 607624939, 183993932, 2798609018, 1129349773, 2834903284, 20589568, 2518850268, 219201228, 2803395222, 2401110481, 41463556, 182047979, 329297201, 2344766779, 612246197, 2579483762, 10856422, 66953593, 2794683217, 386520098, 1020257318, 983246322, 1254092694, 2838256043, 91042156, 46446488, 2583292039, 310774109, 2229667098, 2834878073, ...]	0.635770234987
2421921523	7835	19	36	23.4174	7854	215	345	[2168776091, 3234318278, 2460554876, 4760685080, 719651928075059200, 702724379289882627, 3620204002, 722720972852211713, 1345580348, 3997939395, 702337479249141760, 246160575, 721256388446576641, 3903217291, 23617671, 720960063213580288, 3346986731, 275276082, 4329476897, 2369732305, 718577714983075840, 705674678480695297, 4886191420, 4386946815, 2272138994, 522682691, 2855694848, 837954758, 2872027562, 1173450415, 719120214684790785, 586134962, 64721998, 3310218359, 4102001608, 60014473, 114860533, 201109966, 1659724682, 3808803497, 2888132107, 16703058, 2567904974, 712467443160059904, 16428093, 3745990517, 1113007782, 4274295213, 2799751139, 695370267850199042, 1439547560, 795561996, 3398973094, 569005559, 2657503942, 3824286316, 4097888173, 2961906996, 3939396622, 702655782475702274, 4915563525, 702171022678560768, 3223130809, 3111278345, 4872286983, 4873532445, 4853587748, 340970752, 694879710539595776, 4874070454, 4853661674, 4853532074, 4874016880, 4873651594, 4853432832, 4853753875, 4873539129, 4877092881, 4880735108, 934544498, 3297324506, 1443411380, 4449537796, 4730373476, 4828937494, 312074367, 2571507732, 3216913377, 4831259062, 3391008628, 4015682026, 4713212953, 266152718, 4749608450, 3320822623, 2386059667, 4731339614, 2693988803, 225996561, 4582202473, ...]	1852	[837954758, 2872027562, 19574238, 48820814, 2858749471, 2822277833, 156285331, 2799212576, 106558293, 2747746256, 2789451130, 2871977708, 1499808391, 359530857, 584180446, 2794782427, 210308712, 16710197, 2174759425, 2750302040, 2821042888, 27893275, 1686315325, 2349701702, 521495786, 191354433, 2837371897, 1563044023, 468841864, 2181045176, 532727261, 24807171, 189181251, 2822712590, 944804173, 17396756, 521624522, 1959421836, 2834647215, 108462428, 2330987621, 2835958435, 10720422, 2678804532, 2310429786, 183993932, 2798609018, 2834903284, 20589568, 2518850268, 219201228, 2803395222, 2401110481, 329297201, 612246197, 10856422, 66953593, 2794683217, 386520098, 1254092694, 2838256043, 91042156, 46446488, 2583292039, 310774109, 2229667098, 24206059, 749129797, 2588321996, 2796463003, 325246257, 2809588068, 1431436446, 2858267029, 17956471, 1952528058, 2823616933, 321830056, 162572003, 18006452, 599150480, 493726972, 297228027, 884252689, 2839444696, 2832271336, 710464321, 2798765632, 41455567, 2837642577, 132672132, 203466008, 2752790288, 2315874928, 2837366796, 243739078, 2846551735, 2167729699, 2766809723, 16335102, ...]	[1345580348, 837954758, 2872027562, 16428093, 19574238, 258083321, 553504113, 48820814, 116512570, 2858749471, 2822277833, 1623471690, 2631570888, 2748049892, 156285331, 39218092, 2248885669, 2799212576, 106558293, 2747746256, 2789451130, 2871977708, 1499808391, 359530857, 584180446, 14371442, 2794782427, 210308712, 2786216155, 16710197, 2174759425, 117292850, 2750302040, 2821042888, 27893275, 1686315325, 2349701702, 521495786, 1632150450, 191354433, 2837371897, 2849321642, 143388925, 1563044023, 616635926, 468841864, 2181045176, 532727261, 24807171, 189181251, 1591741910, 1129243544, 2822712590, 120186182, 944804173, 17396756, 37745356, 521624522, 1959421836, 2834647215, 11353012, 108462428, 2330987621, 2835958435, 2603925482, 10720422, 2678804532, 2798476748, 247142874, 2310429786, 607624939, 183993932, 2798609018, 1129349773, 2834903284, 20589568, 2518850268, 219201228, 2803395222, 2401110481, 41463556, 182047979, 329297201, 2344766779, 612246197, 2579483762, 10856422, 66953593, 2794683217, 386520098, 1020257318, 983246322, 1254092694, 2838256043, 91042156, 46446488, 2583292039, 310774109, 2229667098, 2834878073, ...]	0.733681462141
2791121294	6517	69	75	79.047	6586	574	879	[2783504149, 869025762, 4297440013, 2546562188, 431071870, 174316096, 718466041446277120, 4437444442, 3782984354, 203143661, 720036695643525120, 606412878, 705455825028907008, 1680121153, 711728047137935365, 707198760045010946, 2522585809, 2870650162, 4182936015, 619418717, 415773425, 718081623451951105, 702994617545986049, 327672977, 718246085190414337, 43287329, 722646586510151680, 4886191420, 722588262326374401, 111225697, 347627434, 29023872, 404470529, 702780246026752000, 3891703408, 4386946815, 558369903, 364170889, 1455286956, 10255692, 369172994, 61149653, 14613185, 3104545022, 714938103824310273, 714932191168479234, 3581776997, 713880240678772736, 709897775362605056, 713408458473639936, 3656092409, 705442898188210177, 53010355, 2393063119, 4879819876, 711717378350911489, 721917069986557952, 143123814, 1950799526, 714920195400269826, 237888723, 705645123606966272, 2761898817, 4667313217, 715783841382838273, 56449803, 712391107439665152, 3271255423, 3590632753, 2426179058, 4543254914, 3367987133, 721996071979892736, 4379399718, 4005012459, 4893125805, 721364629927145473, 700430991723204608, 4729317440, 3224850985, 326665662, 1563916915, 719211087716073473, 720341260993560576, 1620539378, 98282153, 2233353242, 4852459831, 3745023675, 717160724787646465, 4414699213, 715436933350969344, 718949896863289346, 709466255393042432, 705610669110890496, 710640952096923648, 2749858280, 3279902600, 3886015993, 4485045432, ...]	3014	[2292797061, 2799212576, 37398598, 2793066487, 1898295032, 2872027562, 2799229797, 153215361, 1028026110, 2835475103, 24465244, 1083796542, 1876680134, 2818207203, 39376520, 1952446188, 2840845885, 19574238, 1385975335, 432748599, 14654908, 2837876374, 862312976, 80800433, 2826306403, 2775737786, 226828325, 2692233198, 367323969, 2831436002, 2790691692, 637241000, 300489029, 93949976, 2817820231, 1495123794, 294236607, 241731647, 210308712, 2867978738, 2838668197, 44494953, 16335102, 73966317, 2826800366, 2588663610, 610385634, 19880868, 42082673, 2789451130, 2705501070, 2563030626, 48820814, 2824369716, 1516445281, 23050300, 2761553580, 1387190622, 18746944, 2741527478, 389416399, 41687358, 2834647215, 2809588068, 32508431, 1535339618, 2854884026, 1356030014, 1093050703, 174730252, 126524687, 2795766408, 2793807454, 253036168, 838629829, 2430476576, 120279200, 2787720983, 599150480, 10720422, 1155952808, 317960648, 2561553032, 2244398629, 2822712590, 2868909840, 489949379, 205785260, 1952528058, 43635770, 2837966127, 2852872244, 589463431, 350049388, 21740553, 2803395222, 2834440515, 2851688899, 395264515, 384647191, ...]	[586617002, 2292797061, 2799212576, 24610050, 2828013990, 143388925, 37398598, 2340282432, 2793066487, 1898295032, 41866281, 545675702, 2209980606, 305430740, 2872027562, 2799229797, 2838143051, 153215361, 1028026110, 2835475103, 344272418, 24465244, 1083796542, 14940725, 1876680134, 2818207203, 39376520, 1927441783, 1952446188, 2840845885, 413867460, 2373401372, 19574238, 1385975335, 2279553571, 432748599, 117292850, 2603925482, 2771235643, 809743100, 14654908, 96383546, 2837876374, 2248885669, 862312976, 2786395269, 18100365, 80800433, 2826306403, 2596827180, 2775737786, 122465006, 226828325, 1909378328, 850829419, 2692233198, 367323969, 2831436002, 2790691692, 637241000, 300489029, 93949976, 2817820231, 1495123794, 294236607, 241731647, 210308712, 2867978738, 2838668197, 44494953, 16335102, 2525538594, 73966317, 2826800366, 1722795805, 2588663610, 610385634, 19880868, 42082673, 244214157, 293531540, 88513353, 2789451130, 2705501070, 2563030626, 48820814, 2824369716, 78686573, 1516445281, 23050300, 2761553580, 1387190622, 18746944, 2741527478, 389416399, 41687358, 2834647215, 2823844460, 30829875, 2826870480, ...]	0.753640776699
830859110	6291	0	27	15.6012	6291	122	198	[715285598945353728, 722509009002086404, 4707326952, 722738299245187072, 708275765855408129, 17327882, 722583116863279104, 722527316463591424, 4793352837, 721167217774174209, 2905487946, 3342446656, 1345580348, 720646858452951044, 3304074797, 470100265, 720960063213580288, 720419480770191364, 98834013, 374138602, 709160637490835456, 1618448412, 2870898692, 26692831, 122929461, 184802848, 2592330638, 1152995448, 374227012, 4053345022, 4386946815, 2912957057, 717110868132175872, 3193574111, 2974750750, 3227333732, 3412146239, 211357278, 4145144152, 4538540248, 1682566974, 2706381805, 1939835312, 47482681, 714007540909129729, 499923131, 2997283632, 3063615107, 711784627686387712, 712064934318739456, 1686501780, 3095725869, 832454785, 709084287723773952, 2994038112, 2557136665, 2811779198, 710993416600068096, 2786170028, 1256618628, 3818418323, 753709436, 4913533830, 3062771478, 4449537796, 900705962, 704959983121670144, 3361389124, 702225727794638848, 4762764188, 123535553, 4318817303, 4290276441, 547946580, 703284897708834816, 121977104, 4839120093, 3250962678, 2415404833, 465606946, 3435831712, 2828981299, 701962411499085824, 701664069833461761, 16859687, 1592502890, 1926275846, 700572979055325184, 3259453286, 4923710711, 4878678677, 4891804264, 3107110095, 1262826956, 3539505855, 2285852377, 3297324506, 4890953485, 2772364508, 4825387514, ...]	1229	[374227012, 465606946, 1592502890, 2830537024, 19574238, 2583292039, 245819356, 171798606, 1506367692, 2739238261, 1853243076, 1845396008, 616914139, 2437486722, 160662502, 2817205998, 2822560650, 238093393, 289490370, 2781610628, 2831769015, 2585165988, 300489029, 170719160, 1649137771, 866626268, 2541758438, 2834550725, 2202301848, 2424010902, 1499808391, 594826831, 49534986, 350049388, 162932753, 1004731904, 156285331, 2310429786, 41134351, 138944368, 189224029, 44494953, 2793171236, 816174973, 14667729, 56230246, 2791121294, 2798609018, 609649719, 542107753, 2798765632, 277475162, 2815306126, 277179712, 2858267029, 123666193, 2789451130, 14987233, 1581848742, 2455878782, 66827240, 2745496827, 257224302, 24206059, 52006553, 14669097, 1266372817, 2806671613, 2835016336, 393756935, 69460261, 19124682, 637241000, 240949604, 460697784, 91042156, 455444298, 2801035038, 550537872, 183993932, 2800890451, 2811157786, 2851688899, 14191782, 865777986, 2355244596, 2781099703, 17952975, 14727238, 189181251, 628292989, 2244398629, 1155470035, 2814284758, 2235210511, 2846551735, 190249654, 2794782427, 414141288, 2826414247, ...]	[1345580348, 374138602, 374227012, 47482681, 465606946, 1592502890, 18146977, 2830537024, 20944649, 112316372, 19574238, 2583292039, 245819356, 1633257968, 171798606, 1506367692, 2739238261, 1853243076, 1845396008, 2823844460, 616914139, 2437486722, 244214157, 160662502, 2769345414, 2817205998, 2822560650, 143388925, 2834878073, 238093393, 2454270684, 289490370, 2781610628, 167023958, 2831769015, 2585165988, 300489029, 26319990, 170719160, 1649137771, 866626268, 144738549, 222388818, 2616288391, 2541758438, 2834550725, 2202301848, 2424010902, 1499808391, 594826831, 314902386, 415349092, 497929894, 49534986, 350049388, 162932753, 220842543, 2732538831, 2855949487, 1004731904, 156285331, 2310429786, 41134351, 138944368, 585764076, 189224029, 44494953, 2793171236, 816174973, 14667729, 56230246, 2791121294, 2798609018, 609649719, 542107753, 2798765632, 161027554, 277475162, 2815306126, 2410129064, 277179712, 2858267029, 123666193, 2789451130, 14987233, 2817936454, 1581848742, 2455878782, 187387276, 66827240, 2745496827, 2801465951, 257224302, 24206059, 52006553, 2652997692, 14669097, 1266372817, 881481092, 2806671613, ...]	0.730198019802
2747504632	3111	0	5	8.4979	3111	31	112	[720148470351405056, 2934659937, 720080503391526912, 718077144778321920, 273273208, 133828438, 4499607941, 719996095305281537, 721522336822730752, 720177004419518465, 711845539726430209, 719290956747579392, 718539629096517632, 720040457137299460, 714660804037988352, 70295497, 291588441, 2654141456, 2595339703, 3486395177, 717211639687282688, 387790414, 4918943330, 4412241734, 3384276809, 3359851, 4062005021, 421780184, 322189517, 287789223, 2424552324, 1447023979, 710925918680834049, 4520408472, 710526588069220352, 59830916, 4386946815, 702328516575154176, 144588140, 709233655768551432, 569005559, 4290276441, 3279269082, 702164136243896320, 3220231513, 701524346704150528, 701497573211770881, 437664641, 795626, 3349762552, 2578043944, 2258258377, 4862030000, 266152718, 3021856465, 4853692207, 4846774042, 4618541728, 4766483870, 532657890, 4708226055, 4695549720, 4656646487, 4646259497, 3161760900, 3557841074, 4601164156, 1531368576, 4506087455, 3333215027, 4495006942, 4515531827, 2269005950, 4439166736, 435260935, 256206338, 4342854076, 2995039949, 2571872893, 4086935715, 3022211730, 1454488878, 4120815389, 374227012, 4085500455, 3024656020, 4060998837, 259808059, 248478594, 4087004352, 3165901472, 3987857361, 712804896, 3610696753, 3229292575, 2195186954, 3677207835, 459921127, 1665737941, 1405320913, ...]	1601	[256206338, 374227012, 248478594, 2777843108, 69460261, 106558293, 2789451130, 85119301, 2817820231, 414141288, 307584252, 345497264, 2798609018, 2833599255, 620380090, 707067744, 2824084715, 83766345, 2811434719, 2839444696, 1676715715, 2814040284, 2823808641, 705633312, 270152253, 393756935, 2826414247, 2814885768, 2846551735, 243739078, 2202301848, 2764172964, 65974890, 2812908133, 26385735, 251045973, 2793176232, 2830488368, 1318542156, 2393066191, 22164508, 2833561388, 189181251, 2786875513, 574962273, 17952975, 14987233, 16710197, 2817767214, 1532251334, 280527457, 444716100, 238093393, 350669325, 2571342366, 2861501732, 362100909, 41687358, 25062440, 2772384200, 2244398629, 213271196, 2751267097, 453427796, 21138801, 1385975335, 2541766878, 1967542567, 2790090018, 749129797, 2790862904, 17832709, 2752897908, 294236607, 2729910658, 1671029934, 1712939281, 32508431, 457442648, 18027864, 339566435, 2831606139, 2811157786, 2740960104, 21371939, 2793171236, 2801890131, 2756873076, 2774340015, 47622504, 1460549084, 2810611336, 786966108, 866679116, 2532362760, 494257164, 2828072102, 2830047422, 358863151, 2782040341, ...]	[70295497, 256206338, 374227012, 248478594, 20944649, 2777843108, 2511511747, 69460261, 34083622, 2795906819, 160344049, 869511486, 106558293, 2359028480, 2789451130, 85119301, 2817820231, 2811544967, 414141288, 307584252, 345497264, 2798609018, 2346538323, 83765450, 2833599255, 162932753, 620380090, 707067744, 585764076, 2824084715, 54362299, 983246322, 1889098668, 26319990, 120492520, 83766345, 2842489483, 2811434719, 1155952808, 2839444696, 1676715715, 2814040284, 2652997692, 2823808641, 2802432518, 705633312, 270152253, 393756935, 2826414247, 2814885768, 2846551735, 862312976, 243739078, 108462428, 2202301848, 2764172964, 65974890, 2812908133, 26385735, 251045973, 2793176232, 2830488368, 2607290564, 1318542156, 2393066191, 1335929934, 22164508, 2833561388, 189181251, 2786875513, 574962273, 49234326, 1666142936, 2822560650, 17952975, 14987233, 16710197, 2817767214, 1829249059, 2579483762, 1532251334, 280527457, 444716100, 238093393, 2871165186, 350669325, 2571342366, 2861501732, 362100909, 41687358, 519318699, 469149195, 25062440, 2772384200, 2813904001, 83893247, 2244398629, 1403851, 213271196, 2751267097, ...]	0.675599435825
1052040667	3085	14	1	2.918	3099	29	100	[2966947426, 720956071846785024, 2214755390, 720956135625400324, 4889520335, 827972838, 4675033692, 722720972852211713, 705901677887361024, 588742677, 3107509399, 3432504004, 710533987316400129, 3287916110, 883203462, 3950009112, 1047277393, 411404797, 718162983017287680, 4386946815, 717204776132468736, 327672977, 4858811129, 2903046783, 3307105844, 289104376, 3024404360, 16704316, 56038149, 719184751333154817, 2522512664, 720960063213580288, 1359226843, 718809101891989504, 2850255627, 169747867, 2583292039, 713986113057243136, 3238091899, 3327613698, 591468864, 3092205760, 1950799526, 3064435726, 716178360284684288, 2940323720, 4429531393, 2526588174, 2820975998, 904587308, 707282701259292673, 185406238, 374138602, 715222243266183168, 716160437184638976, 481515857, 3063615107, 715223769812484096, 4153371153, 715222293337751552, 715223206932713472, 4880567770, 422055996, 27316987, 114860533, 2393620658, 4312118489, 2937574099, 714841876155727873, 2798765632, 394640441, 1653223616, 3062262705, 712697778393255936, 2886917657, 3066206409, 2266294554, 696036917872353280, 3402210893, 4856706634, 711370091699503104, 353996180, 251164802, 536185941, 27142719, 44494953, 609599986, 2209592418, 3062944585, 17327882, 517693103, 397770228, 1410997657, 70472887, 710833371161690112, 4810046905, 185460397, 4634073132, 4440409402, 2832342387, ...]	1343	[2583292039, 374138602, 44494953, 575719021, 2287887180, 47539455, 2856271814, 2793575239, 2817205998, 18783993, 19574238, 16710197, 139292752, 2747746256, 1686315325, 2802223555, 544001732, 201553765, 1592502890, 2805236131, 1260153174, 2585165988, 2799212576, 2864224153, 2829532397, 2799282698, 370827550, 122465006, 30486932, 140542416, 1004731904, 2244398629, 2818207203, 2782040341, 2552697036, 2858267029, 359530857, 468841864, 1656326443, 2752897908, 2658420401, 2823844460, 17956471, 345497264, 21324919, 489949379, 2832271336, 2329542980, 44014234, 129056508, 2242547935, 2769868707, 321830056, 524159710, 2243119712, 884252689, 2310429786, 14667729, 2834647215, 2772374611, 2746624915, 325246257, 2541758438, 2786875513, 329297201, 106558293, 2811157786, 414141288, 73887400, 2772384200, 2588321996, 2577137779, 2782761216, 2825755019, 34283550, 780073794, 2807602670, 809918786, 269131395, 594826831, 2563030626, 2817005910, 18027864, 32508431, 2831032707, 2774340015, 2561555594, 2780772273, 2756873076, 108155579, 2830488368, 2235210511, 2807677458, 2784707029, 2773365536, 482393146, 2834887115, 20383, 2799084259, 226293658, ...]	[588742677, 2583292039, 2820975998, 904587308, 374138602, 2798765632, 2266294554, 27142719, 44494953, 575719021, 2287887180, 47539455, 1516445281, 2856271814, 2793575239, 2786395269, 227773353, 2817205998, 487810840, 18783993, 19574238, 1345580348, 1411723591, 16710197, 139292752, 2747746256, 160968221, 1686315325, 2802223555, 544001732, 554400244, 201553765, 2802554391, 1592502890, 2805236131, 1260153174, 16335102, 117292850, 2585165988, 2799212576, 2864224153, 2829532397, 2799282698, 370827550, 122465006, 30486932, 140542416, 120186182, 1004731904, 244214157, 2244398629, 2818207203, 2782040341, 2552697036, 210308712, 557265175, 512120095, 2858267029, 359530857, 468841864, 1656326443, 2752897908, 2658420401, 2823844460, 17956471, 2239306808, 345497264, 38501837, 2359028480, 1850709793, 18100365, 21324919, 489949379, 2832271336, 2831147669, 2329542980, 44014234, 11353012, 253036168, 129056508, 2242547935, 2798476748, 2769868707, 1230863910, 1249758031, 1431436446, 259415613, 837965185, 2749249678, 203466008, 321830056, 2579483762, 2819948867, 524159710, 2243119712, 884252689, 2310429786, 264544779, 20944649, 497929894, ...]	0.685483870968
2421921523	2893	1	5	15.0802	2894	68	224	[2168776091, 3234318278, 2460554876, 4760685080, 719651928075059200, 702724379289882627, 3620204002, 722720972852211713, 1345580348, 3997939395, 702337479249141760, 246160575, 721256388446576641, 3903217291, 23617671, 720960063213580288, 3346986731, 275276082, 4329476897, 2369732305, 718577714983075840, 705674678480695297, 4886191420, 4386946815, 2272138994, 522682691, 2855694848, 837954758, 2872027562, 1173450415, 719120214684790785, 586134962, 64721998, 3310218359, 4102001608, 60014473, 114860533, 201109966, 1659724682, 3808803497, 2888132107, 16703058, 2567904974, 712467443160059904, 16428093, 3745990517, 1113007782, 4274295213, 2799751139, 695370267850199042, 1439547560, 795561996, 3398973094, 569005559, 2657503942, 3824286316, 4097888173, 2961906996, 3939396622, 702655782475702274, 4915563525, 702171022678560768, 3223130809, 3111278345, 4872286983, 4873532445, 4853587748, 340970752, 694879710539595776, 4874070454, 4853661674, 4853532074, 4874016880, 4873651594, 4853432832, 4853753875, 4873539129, 4877092881, 4880735108, 934544498, 3297324506, 1443411380, 4449537796, 4730373476, 4828937494, 312074367, 2571507732, 3216913377, 4831259062, 3391008628, 4015682026, 4713212953, 266152718, 4749608450, 3320822623, 2386059667, 4731339614, 2693988803, 225996561, 4582202473, ...]	1852	[19574238, 258083321, 48820814, 116512570, 2858749471, 2822277833, 156285331, 2799212576, 106558293, 2747746256, 2789451130, 2871977708, 1499808391, 359530857, 584180446, 16710197, 2174759425, 2821042888, 27893275, 1686315325, 521495786, 191354433, 2837371897, 616635926, 468841864, 2181045176, 532727261, 189181251, 1591741910, 1129243544, 2822712590, 17396756, 521624522, 2834647215, 2603925482, 2678804532, 2310429786, 183993932, 2798609018, 2834903284, 20589568, 219201228, 2803395222, 41463556, 182047979, 329297201, 10856422, 66953593, 2794683217, 386520098, 1254092694, 2838256043, 91042156, 2583292039, 2179190077, 749129797, 2588321996, 2796463003, 325246257, 2809588068, 2858267029, 17956471, 1952528058, 321830056, 162572003, 599150480, 493726972, 297228027, 945389864, 884252689, 2839444696, 2832271336, 710464321, 41455567, 2837642577, 2752790288, 2315874928, 2837366796, 243739078, 2846551735, 2790862904, 2167729699, 47405998, 2765738045, 2748796615, 2790105439, 2834695774, 159708757, 2830488368, 489949379, 358545917, 2828231364, 2244398629, 190823411, 2834035965, 201553765, 1246375584, 2775294374, 15917800, 2786875513, ...]	[1345580348, 837954758, 2872027562, 16428093, 19574238, 258083321, 553504113, 48820814, 116512570, 2858749471, 2822277833, 1623471690, 2631570888, 2748049892, 156285331, 39218092, 2248885669, 2799212576, 106558293, 2747746256, 2789451130, 2871977708, 1499808391, 359530857, 584180446, 14371442, 2794782427, 210308712, 2786216155, 16710197, 2174759425, 117292850, 2750302040, 2821042888, 27893275, 1686315325, 2349701702, 521495786, 1632150450, 191354433, 2837371897, 2849321642, 143388925, 1563044023, 616635926, 468841864, 2181045176, 532727261, 24807171, 189181251, 1591741910, 1129243544, 2822712590, 120186182, 944804173, 17396756, 37745356, 521624522, 1959421836, 2834647215, 11353012, 108462428, 2330987621, 2835958435, 2603925482, 10720422, 2678804532, 2798476748, 247142874, 2310429786, 607624939, 183993932, 2798609018, 1129349773, 2834903284, 20589568, 2518850268, 219201228, 2803395222, 2401110481, 41463556, 182047979, 329297201, 2344766779, 612246197, 2579483762, 10856422, 66953593, 2794683217, 386520098, 1020257318, 983246322, 1254092694, 2838256043, 91042156, 46446488, 2583292039, 310774109, 2229667098, 2834878073, ...]	0.659268929504
175378976	3910	4162	5	2.062	8072	4	55	[3193081708, 140397829, 23424613, 724734934217273348, 724725842178273282, 724723931404505091, 721393073658290176, 69270704, 49910798, 78484346, 626019459, 16943362, 2977959352, 60186420, 702851229534306304, 3345282598, 16247136, 724518880597671936, 2951899988, 716711591220289537, 2353915250, 3457897947, 2355561710, 4222111693, 3159472783, 38802647, 204043089, 884462269, 91169177, 723508829036515328, 724382321944596480, 1278228847, 724239985562374144, 218299106, 1596017881, 19327500, 724314965356646400, 2835808836, 2239654017, 700137904224342016, 722410629043200000, 718477827507691522, 190500815, 719803854779465728, 302038611, 71977771, 709800725279285248, 248492526, 81763923, 3093138675, 2388254760, 723969951179112448, 723919429021630464, 435431881, 2329467967, 175255925, 112841908, 1027672093, 1123887372, 394482220, 860552796, 3017084827, 552309501, 3042966806, 4899480562, 2298031819, 332970319, 1199537173, 2980566573, 705866467124772864, 76216515, 723287341264072704, 723744560799600640, 131522690, 2614201483, 95137846, 18450859, 723696798007599104, 1470654552, 301429990, 81460101, 50361926, 720236081191526400, 723624741722972162, 474478562, 2540303348, 863823240, 908268050, 718459600169619456, 872248728, 26441825, 491949455, 41129466, 2866616578, 4705148140, 3309628726, 1313260838, 3278702054, 933291428, 87321836, ...]	189642	[1436570784, 11213562, 44816947, 55413001, 30552721, 201226517, 19796634, 13524182, 1591341, 572324207, 146712559, 704579575, 143804107, 139226909, 15493724, 471633263, 2324591856, 53091157, 23230068, 8814212, 66199010, 60833117, 225103608, 2405610002, 900328069, 59218167, 105306673, 19421745, 193340625, 39828094, 13103732, 19596074, 2607318854, 8769122, 207072407, 3906131, 52973271, 238832763, 2091641, 342389968, 63031041, 14989175, 1409965554, 1571177810, 303007123, 19562054, 626950370, 121791789, 1711577834, 839274139, 14669549, 28813937, 23794606, 1855795807, 2683508207, 7909592, 117256081, 480726602, 109310661, 618357844, 291973686, 38408851, 31094435, 219387428, 14328079, 26838774, 52840398, 1720601911, 45742110, 23866855, 145673971, 81544504, 7076492, 107186754, 56181322, 20509717, 15882636, 2790208140, 138739571, 14457838, 2338851193, 18335814, 66864823, 152062823, 387132630, 15066613, 426842641, 1475168784, 1057915123, 334910921, 22454469, 12418482, 568648463, 2808460684, 83790293, 1616361559, 146002727, 120935503, 268967185, 2729384501, ...]	[17867325, 1436570784, 162467961, 201417632, 37371527, 11213562, 2213073366, 44816947, 55413001, 30552721, 36800208, 28556003, 158514491, 201226517, 14682928, 19796634, 24234441, 317363815, 14593458, 26173679, 13524182, 1591341, 2661549884, 63356151, 228950242, 14913955, 596095521, 16672802, 572324207, 217237432, 146712559, 173403526, 629843, 704579575, 143804107, 139226909, 47168642, 15493724, 471633263, 84325441, 40645154, 156374677, 2324591856, 53091157, 41767090, 28042966, 903269912, 23230068, 274000461, 195992166, 8814212, 5570452, 66199010, 99871277, 204196455, 17159866, 1164092203, 60833117, 103981849, 225103608, 107279583, 2405610002, 20490915, 900328069, 59218167, 105306673, 19421745, 289201281, 193340625, 39828094, 1617071203, 6328182, 13103732, 23543956, 19596074, 14729597, 13458542, 2607318854, 24959626, 20332971, 8769122, 207072407, 3906131, 245378563, 924243206, 52973271, 24979145, 238832763, 2091641, 342389968, 8531732, 63031041, 264686061, 211935905, 83196931, 103253769, 46648447, 14989175, 1547830255, 2301027452, ...]	0.583200182607
1874836183	7710	0	7	7.3652	7710	34	130	[864367536, 4708172009, 37722199, 111109069, 4581488532, 724349713634476033, 697290051516903424, 1466297419, 3303666254, 3033087649, 2305944157, 1259208535, 2733961215, 718668129790889984, 4704367416, 703284447215538177, 1337194476, 2726854313, 3316334076, 3141370381, 14296273, 14649254, 712155482102702081, 718064617675735040, 4489126713, 3443167339, 1141022539, 21827115, 253612462, 3196060593, 3797946329, 18783656, 63085622, 2724213136, 1689774240, 264970000, 4715669541, 19193740, 2843768360, 720996900133060609, 715669357481889793, 44272286, 83185208, 14192589, 4840551713, 49929227, 1870235276, 2984755861, 280490630, 7339202, 1870142354, 32339274, 2873503510, 4212936460, 2827919109, 4896205823, 3174030958, 2659847570, 15605775, 309247133, 2361707564, 197567344, 29850500, 4751730913, 1912862353, 2932865711, 44517932, 4299187395, 365101425, 4230661282, 1216880197, 2861010902, 2802924038, 312767397, 715991771487027200, 715328122049040384, 2742558940, 14863043, 470697058, 712546431744258048, 4340112315, 3226396534, 442330249, 4757076199, 14051156, 3121607086, 2200457089, 18359321, 2253654474, 21314814, 3346986731, 166081925, 3252484386, 3296175392, 3196977168, 54584795, 4016436029, 2955757325, 4769116686, 91310347, ...]	1114	[15484541, 13352392, 14787758, 59204549, 2607318854, 42067255, 114528007, 326092855, 17962762, 92144966, 953104518, 27309226, 14235543, 1515549726, 134919810, 125242081]	[15484541, 13352392, 14787758, 228950242, 59204549, 2607318854, 815587, 42067255, 342265935, 36139751, 17088715, 19605981, 114528007, 326092855, 17962762, 1206186102, 48038030, 92144966, 605107544, 89062879, 403158572, 2827647946, 953104518, 27309226, 958571468, 162357153, 1961970799, 2834743427, 9379552, 47795355, 14235543, 2873927209, 1515549726, 22317937, 134919810, 125242081, 39302631, 2786661162, 72033867, 449160454]	0.4
302778669	7307	3	9	9.8435	7310	56	180	[2513598092, 377037409, 774856994, 4902904618, 4902295825, 4854553681, 4249789453, 239589720, 57440475, 625610194, 742861123, 67420764, 3054701969, 3076342684, 467586066, 2790837943, 14301982, 314976185, 2859252129, 243593894, 193686090, 573279855, 3027117104, 7752532, 1597299540, 37925506, 515244833, 1423833157, 587728485, 228796826, 633555912, 224783532, 154889961, 80957643, 360227615, 2886495081, 2185268838, 2850337067, 35390500, 8315692, 400816313, 965273600, 94606371, 17885737, 107797208, 2398304995, 2837982519, 814435975, 569777485, 2876243528, 15584726, 7497122, 2878727930, 2772176444, 89829118, 2794210477, 139913915, 2877167108, 27309226, 14304302, 1011873289, 395090620, 376889399, 1216880197, 107759956, 8220582, 1729944090, 521795988, 1330674972, 1166831280, 28542500, 53674253, 316610100, 43438089, 18762442, 1343941807, 2863821744, 15979705, 2831857038, 163165271, 19175461, 41085012, 330092675, 25242716, 23284271, 65612473, 40179360, 2785061216, 41856050, 121508418, 18209784, 34739420, 17467023, 2787748413, 257574266, 2153624041, 2807191947, 2795906819, 1296476376, 1353200894, ...]	170	[2790837943, 228796826, 8315692, 89829118, 2794210477, 139913915, 27309226, 14304302, 376889399, 8220582, 53674253, 2831857038, 19175461, 41085012, 23284271, 40179360, 2785061216, 2787748413, 257574266, 1296476376, 15018403, 42067255, 252302949, 22168487, 32629554, 16451054, 793453176, 48146599, 352486630, 15484541, 174783629]	[2790837943, 228796826, 8315692, 965273600, 94606371, 107797208, 2837982519, 814435975, 15584726, 89829118, 2794210477, 139913915, 27309226, 14304302, 395090620, 376889399, 107759956, 8220582, 53674253, 18762442, 2863821744, 2831857038, 19175461, 41085012, 25242716, 23284271, 65612473, 40179360, 2785061216, 17467023, 2787748413, 257574266, 2795906819, 1296476376, 15018403, 2840528275, 42067255, 252302949, 22168487, 39302631, 95268435, 32629554, 16451054, 793453176, 48146599, 2762484922, 352486630, 56497637, 292617912, 6626822, 22301667, 15484541, 945048120, 174783629]	0.574074074074
14172204	8874	0	0	0.433	8874	3	18	[722290850466672641, 75122893, 27156169, 4922815580, 3138926862, 4837941445, 2390100040, 4188934127, 16292409, 3827956042, 17164441, 12365862, 100657882, 2340240513, 2977352632, 6469092, 1601649072, 2233245703, 2902717954, 2899755937, 2873804999, 2818225992, 1037658433, 36632058, 784280222, 90927068, 2844205244, 868425637, 231070098, 73731684, 266058061, 2787186643, 2783291305, 883434968, 2746392950, 2489595865, 14674238, 404284428, 2711041175, 2603699274, 138918918, 933325454, 21408893, 18271440, 27460924, 2571776365, 2562386137, 629751610, 13109322, 20501666, 2458209180, 2286933728, 2434973809, 2477382668, 2482305098, 15004063, 2352274284, 2319505597, 807730705, 121637129, 98044503, 214729040, 126767826, 156599036, 740011717, 239671850, 395580676, 471229334, 2239996045, 82663440, 2174286061, 23730577, 1920470750, 69120569, 637323855, 335624438, 27384074, 1608708452, 1387170660, 1460930785, 1410601166, 1330374852, 90273704, 1377226716, 25573755, 8550602, 1230913400, 1180475364, 1178073858, 17436918, 22233385, 747410076, 40453163, 418287390, 17269096, 612493515, 454528094, 15412833, 539467896, 296404499, ...]	204	[32793160]	[32793160]	1.0
246557633	7709	0	0	0.898	7709	1	6	[716391224203165697, 2417778055, 1960452432, 3303666254, 718417614117150720, 717511177299968001, 715972721541296128, 266091127, 481540692, 4441109086, 3319323829, 4152673935, 97087769, 3221036065, 2457154388, 178533201, 1631233651, 16926194, 124338700, 1350868069, 729055795, 316622807, 3387379239, 316363116, 3163029847, 3434624494, 594472344, 1007349943, 1887620046, 3704192775, 3313570707, 3014519959, 3271372886, 1633858764, 1025182904, 2445226075, 2478224552, 14307648, 23978832, 958284511, 314475002, 316544540, 2444549665, 315833544, 12399362, 27271227, 3267929910, 1368701184, 104996731, 353022633, 316280196, 316032963, 167825860, 173561425, 16720037, 2445777054, 278264376, 2546505524, 3036973742, 24250029, 1208641405, 3131564468, 2941960649, 122239667, 3120747932, 118221781, 192396059, 26947798, 22168487, 23046474, 190122374, 334050306, 2418121956, 297799785, 16553226, 15374714, 21370241, 227177120, 298786490, 3006944360, 2453488430, 2943968272, 1493607397, 19572710, 2770459785, 2512580095, 262553227, 2907860462, 2905925298, 244508252, 2555560308, 2791765473, 341461393, 2526305030, 45075781, 2661682586, 17467023, 2572591314, 2424279060, 40323391, ...]	197	[353022633, 22168487, 16553226, 17467023]	[353022633, 22168487, 297799785, 16553226, 21370241, 17467023, 455332161]	0.571428571429
28959261	7709	0	0	0.123	7709	1	6	[93656804, 3489371850, 3300100618, 1944381865, 115281154, 315215366, 2409575058, 22180210, 238766601, 2478487999, 25741501, 86314986, 2896556956, 539243388, 884671178, 2713795560, 2713284080, 403755157, 2538580813, 63586621, 992608346, 1613747040, 548874063, 2457042936, 2518905109, 154557055, 2462910871, 126075960, 229682182, 637324863, 535107545, 18364573, 84203663, 285462199, 2289499382, 1631122639, 2310309204, 368925738, 43974815, 64574449, 832388354, 1260366583, 394883631, 1922395104, 266204803, 1617466436, 1714117326, 1649189720, 36094791, 15972081, 569042275, 55352397, 475081792, 218614901, 100090702, 176197434, 511317948, 37559922, 339991122, 1421468220, 235332872, 349269396, 543939582, 180044580, 46816086, 1391350688, 33704784, 1385763798, 1251880651, 17742889, 1080163818, 177497463, 25404917, 101446137, 955970232, 259183827]	76	[]	[]	0.0
2421921523	3868	1	16	14.5174	3869	76	441	[2168776091, 3234318278, 2460554876, 4760685080, 719651928075059200, 702724379289882627, 3620204002, 722720972852211713, 1345580348, 3997939395, 702337479249141760, 246160575, 721256388446576641, 3903217291, 23617671, 720960063213580288, 3346986731, 275276082, 4329476897, 2369732305, 718577714983075840, 705674678480695297, 4886191420, 4386946815, 2272138994, 522682691, 2855694848, 837954758, 2872027562, 1173450415, 719120214684790785, 586134962, 64721998, 3310218359, 4102001608, 60014473, 114860533, 201109966, 1659724682, 3808803497, 2888132107, 16703058, 2567904974, 712467443160059904, 16428093, 3745990517, 1113007782, 4274295213, 2799751139, 695370267850199042, 1439547560, 795561996, 3398973094, 569005559, 2657503942, 3824286316, 4097888173, 2961906996, 3939396622, 702655782475702274, 4915563525, 702171022678560768, 3223130809, 3111278345, 4872286983, 4873532445, 4853587748, 340970752, 694879710539595776, 4874070454, 4853661674, 4853532074, 4874016880, 4873651594, 4853432832, 4853753875, 4873539129, 4877092881, 4880735108, 934544498, 3297324506, 1443411380, 4449537796, 4730373476, 4828937494, 312074367, 2571507732, 3216913377, 4831259062, 3391008628, 4015682026, 4713212953, 266152718, 4749608450, 3320822623, 2386059667, 4731339614, 2693988803, 225996561, 4582202473, ...]	1852	[837954758, 16428093, 19574238, 258083321, 48820814, 116512570, 2858749471, 2822277833, 1623471690, 156285331, 2799212576, 106558293, 2747746256, 2789451130, 2871977708, 1499808391, 359530857, 584180446, 2794782427, 210308712, 16710197, 2174759425, 117292850, 2821042888, 27893275, 1686315325, 191354433, 2837371897, 1563044023, 616635926, 468841864, 532727261, 24807171, 189181251, 1591741910, 1129243544, 2822712590, 120186182, 17396756, 37745356, 521624522, 2834647215, 11353012, 108462428, 2603925482, 2678804532, 2798476748, 2310429786, 183993932, 2798609018, 2834903284, 20589568, 2803395222, 2401110481, 329297201, 10856422, 66953593, 386520098, 1254092694, 91042156, 46446488, 2583292039, 310774109, 2229667098, 24206059, 2179190077, 749129797, 2588321996, 2796463003, 325246257, 2809588068, 1431436446, 2858267029, 17956471, 1952528058, 2823616933, 2409242372, 321830056, 162572003, 1722795805, 599150480, 297228027, 945389864, 884252689, 2832271336, 2819948867, 710464321, 2798765632, 41455567, 2837642577, 132672132, 2752790288, 2315874928, 2837366796, 243739078, 2846551735, 2167729699, 16335102, 47405998, 2765738045, ...]	[1345580348, 837954758, 2872027562, 16428093, 19574238, 258083321, 553504113, 48820814, 116512570, 2858749471, 2822277833, 1623471690, 2631570888, 2748049892, 156285331, 39218092, 2248885669, 2799212576, 106558293, 2747746256, 2789451130, 2871977708, 1499808391, 359530857, 584180446, 14371442, 2794782427, 210308712, 2786216155, 16710197, 2174759425, 117292850, 2750302040, 2821042888, 27893275, 1686315325, 2349701702, 521495786, 1632150450, 191354433, 2837371897, 2849321642, 143388925, 1563044023, 616635926, 468841864, 2181045176, 532727261, 24807171, 189181251, 1591741910, 1129243544, 2822712590, 120186182, 944804173, 17396756, 37745356, 521624522, 1959421836, 2834647215, 11353012, 108462428, 2330987621, 2835958435, 2603925482, 10720422, 2678804532, 2798476748, 247142874, 2310429786, 607624939, 183993932, 2798609018, 1129349773, 2834903284, 20589568, 2518850268, 219201228, 2803395222, 2401110481, 41463556, 182047979, 329297201, 2344766779, 612246197, 2579483762, 10856422, 66953593, 2794683217, 386520098, 1020257318, 983246322, 1254092694, 2838256043, 91042156, 46446488, 2583292039, 310774109, 2229667098, 2834878073, ...]	0.710182767624
524901955	2996	14	6	3.9509	3010	27	140	[2440499917, 4756940594, 3490454713, 1659724682, 227064026, 2696939690, 233933230, 720128310311829504, 4651647271, 443802405, 130277030, 723189647170408448, 723237708437544960, 720676411623809025, 2253214358, 710271615825674240, 1345822466, 16906660, 3236447924, 709461702564311040, 42834939, 4236806414, 328673472, 122194792, 3343448255, 708973615291764736, 2446676017, 721832435214778368, 385997636, 3263121643, 275005190, 948620149, 212229592, 61052836, 1625288022, 23919418, 3219816631, 4230369863, 482597350, 719758326846865408, 2592330638, 75883640, 3040307398, 577383147, 3092205760, 1950799526, 21381909, 3390665254, 700486164495503360, 27049695, 110835004, 2940323720, 4429531393, 933608478, 723160843, 439170402, 261326494, 35231502, 544001732, 4194112167, 374138602, 1152860286, 3638986761, 4919560499, 1345580348, 1958081648, 904587308, 849029940, 27667643, 711654207091249152, 2832342387, 700896273642160128, 715342133691965442, 4386946815, 499230066, 35084169, 4821135339, 242017731, 3110360439, 3990005055, 708617760075599872, 41873202, 4881801554, 708833448761249792, 3782955012, 445608258, 2208392340, 2957879799, 2579703422, 3069068019, 707849530428026880, 362400064, 2573792732, 710613421054664704, 260042196, 157886521, 708240700689616896, 260904559, 3100086245, 4264655555, ...]	2975	[27049695, 35231502, 544001732, 374138602, 269131395, 24610050, 2287887180, 41687358, 2401110481, 393861597, 290137961, 2485827151, 187387276, 1643537310, 2756873076, 17325647, 104962266, 2746624915, 21449974, 2790090018, 30486932, 2861501732, 2871977708, 460697784, 2760482854, 1464599533, 158208055, 47405998, 344272418, 24206059, 713436078, 1915707343, 2193094410, 931069898, 67293615, 20723132, 22071589, 39076082]	[27049695, 35231502, 544001732, 374138602, 1345580348, 904587308, 33805179, 269131395, 24610050, 291513513, 1523183041, 2287887180, 988007136, 898728732, 143388925, 2518850268, 41687358, 261953628, 74275571, 745211665, 2401110481, 393861597, 290137961, 2485827151, 187387276, 2359028480, 177760832, 1643537310, 2756873076, 2786875513, 17325647, 216579396, 424087650, 104962266, 2746624915, 204176679, 21449974, 2790090018, 224797393, 30486932, 2861501732, 1155952808, 16983106, 2842160277, 2811434719, 2871977708, 2831032707, 131082277, 460697784, 2760482854, 2466340032, 1464599533, 792660210, 158208055, 472479954, 47405998, 2839364274, 305420484, 117234024, 2539848682, 344272418, 24206059, 713436078, 1915707343, 16443491, 2193094410, 141682204, 931069898, 35396272, 938335874, 67293615, 262476027, 155971820, 1120000410, 20723132, 193976920, 399192605, 1249578344, 534745180, 22071589, 219007676, 39076082, 177584156, 17907878, 295419478, 18244206]	0.441860465116
2781159212	2915	0	16	10.3822	2915	55	308	[1649440802, 719951213098307585, 4591018393, 18548136, 599777096, 557265175, 2858018159, 24206059, 3115159937, 3217627582, 143388925, 367511757, 61576692, 22063614, 3170849009, 2533982737, 505775222, 140060120, 1115655350, 19574238, 2518058154, 213886565, 2883864873, 23978832, 24850716, 2827004453, 2561555594, 236481711, 70082375, 2790090018, 2896835628, 2612720706, 1284994188, 19045097, 2429193794, 2836175703, 35921189, 73263419, 161469460, 2883003327, 2833590889, 2357977123, 2840758341, 2485670676, 2413817191, 2877134026, 708888523, 2828072102, 596221132, 1237548739, 294291365, 2757122510, 70466918, 63529021, 61462159, 2835124323, 2782040341, 2563030626, 2874923368, 2330987621, 2575314530, 114777835, 2896965578, 2774031603, 384647191, 2485364050, 634338292, 2863890777, 16601898, 2760482854, 358863151, 2709936560, 218493884, 803059159, 2588663610, 2879163272, 782472337, 1858786956, 2779167905, 2855256383, 2836345420, 494257164, 774910376, 1251453475, 2746909284, 2856010706, 2856460387, 2818100251, 2325168744, 2534342832, 2765738045, 407362748, 463058021, 1589134470, 2850707357, 2802847665, 2772264097, 66852252, 2775113532, 2791121294, ...]	236	[557265175, 24206059, 19574238, 236481711, 2790090018, 2836175703, 161469460, 2485670676, 2413817191, 708888523, 2828072102, 2757122510, 70466918, 2835124323, 2782040341, 2563030626, 2575314530, 384647191, 2485364050, 2760482854, 358863151, 2709936560, 803059159, 2588663610, 782472337, 1858786956, 494257164, 2856010706, 2818100251, 2534342832, 2765738045, 2791121294, 56230246, 507975361, 2800681614, 108155579, 992477000, 14304302, 169067158, 41760496, 1964928762, 526537146, 544001732, 2613974564, 2547125580, 175428809, 65974890, 41367821, 2825323358, 2804854327, 2193894922, 2801269189, 51398453, 259448011, 2585165988, 2310394356, 35565544, 2801270976, 885490776, 2787171762, 133413133, 2334885331, 716820403, 2747746256, 159001970, 460697784, 2779579543, 2777611098, 2762008302, 93702505, 826072081, 2759122319, 1012398272, 2787438590, 2706312042, 2745496827, 2781843242, 89765059, 184310053, 2782331270, 2772694988, 54375655, 2280846457, 583756751, 2782754617]	[557265175, 24206059, 143388925, 22063614, 19574238, 2561555594, 236481711, 2790090018, 2836175703, 161469460, 2357977123, 2485670676, 2413817191, 708888523, 2828072102, 2757122510, 70466918, 63529021, 2835124323, 2782040341, 2563030626, 2330987621, 2575314530, 114777835, 384647191, 2485364050, 2760482854, 358863151, 2709936560, 218493884, 803059159, 2588663610, 782472337, 1858786956, 494257164, 2746909284, 2856010706, 2856460387, 2818100251, 2534342832, 2765738045, 407362748, 463058021, 2772264097, 2791121294, 56230246, 507975361, 2800681614, 108155579, 992477000, 14304302, 169067158, 41760496, 1964928762, 526537146, 469189091, 544001732, 2613974564, 2547125580, 2699887286, 2813818987, 2368624716, 521495786, 175428809, 65974890, 41367821, 2825323358, 2793187538, 2804854327, 2817855583, 2193894922, 2792775438, 1404379519, 2801269189, 51398453, 259448011, 166240143, 2585165988, 15943988, 2310394356, 35565544, 2801270976, 885490776, 2790862904, 579015370, 121115753, 2787171762, 133413133, 2334885331, 716820403, 2747746256, 159001970, 2768508596, 2358911587, 460697784, 2779579543, 14905123, 2777611098, 2762008302, 93702505, ...]	0.691056910569
